L1_in,L2_in,L3_in,L4_in,f0_GHz,BW3dB_GHz,IL_dB,RL_worst_dB,RL_avg_dB,status,error
-0.5625650330343437,1.0844927354447376,-1.197215697024026,1.7565927901729845,2.048,0.0013809293768911601,0.24557867334970607,8.542037634635939,8.542037634635939,OK,
-1.3829126393875972,1.511081084835534,-1.531957417038869,0.9274252495087245,1.736,0.6343899767111214,14.681255069957267,0.07484417793667202,0.1153826393841557,OK,
-0.5669189514418398,1.6481121955137408,-1.5377140975341912,1.6111620092676708,2.044,0.02936112847391481,0.004487034569694762,3.824996217950369,10.533547190630676,OK,
-1.589389498371414,1.150640049693875,-1.3902190496494926,0.6942033821520157,1.804,0.10631400341300501,7.541223207943562,0.43006428970870103,0.6677103431741944,OK,
-1.6024211281159026,1.6828009643863138,-1.8000399171598909,0.999406667902274,1.208,0.3824382175517538,12.309912782053091,0.13014182005796,0.1920540079438308,OK,
-1.142195340078103,0.6239620589885329,-1.3525991014955259,1.2437605409294876,1.836,0.001932842168724802,1.3748915772886035,5.664499888077566,5.664499888077566,OK,
-1.5901416286012595,1.251390374285517,-1.0554098127333282,1.5155034978819255,1.92,0.05933539870697557,0.012849851244654646,3.1772966483540763,9.280117081244692,OK,
-0.6711890446080593,1.358285708080674,-1.4874433836396337,1.351044179397059,2.22,0.04508368390350537,0.0038986903546164185,3.060136557811516,9.264212163543165,OK,
-0.9167992693800122,1.5978576023113404,-1.6757572984874882,1.1406388655371071,2.224,0.024212722017952437,0.10036674803864913,3.5853898041278036,8.762814135800419,OK,
-1.3162439202863323,1.5129098467514843,-1.446193135799882,1.7908725604387699,1.644,0.42076195606799316,0.0034103237247273188,3.0446786566446864,8.106832815026452,OK,
-0.9997699228470304,0.6539915774461618,-1.1349633514488604,1.1642703921362525,2.132,0.0015338815200447442,0.18418088392720464,13.817132794408538,13.817132794408538,OK,
-1.1353507161418155,1.50631385160018,-1.1127356119106768,1.2960917251777375,1.72,0.07435890503787479,0.004389566366015719,3.063568709141342,9.356829180353705,OK,
-0.611925939157347,0.8290429478735584,-1.6422549002227793,0.8931885164199134,1.468,0.00801582079179064,64.64020637104011,0.0005953203886542834,0.0006292621295936795,OK,
-1.4424453440475098,0.6728193840069582,-1.2291543473705069,0.6915690443771543,2.12,0.05635485451220523,0.6310663894280722,2.6908145739937446,4.898816680918181,OK,
-0.8188217320433,1.5659598339515393,-1.0122660523424198,1.143342135839967,1.972,0.01204905666297229,0.19378964355752118,3.4701552163914884,8.116604199386117,OK,
-1.4236453199058987,1.6104695566633012,-1.1898232228916514,1.569134686397444,1.876,0.09479720592454677,0.0004494553431686453,3.0970138210357163,9.837639207470621,OK,
-1.0257532940878984,1.1181997770889478,-1.4396605448974795,1.7117270242729872,1.828,0.08180674343592043,0.0025075632805418675,3.1251529516448424,9.224806935353588,OK,
-0.8421490303107231,1.4234296799945358,-1.3672745639878445,1.6033983537736287,1.504,0.05660651342437517,0.003147979285598329,3.217870453497891,9.108258610594964,OK,
-1.2550800324253342,1.5374349547812565,-1.1736458076246,0.5747706268771635,2.4,0.020983651588009078,6.348986811521128,0.5216843827566209,0.8042531204422184,OK,
-0.9134487542991743,0.7759276556802954,-1.6994746591479502,1.3980780361322207,2.292,0.03114889330969195,45.40027797203901,-5.199230521585423e-05,-4.875683550132979e-05,OK,
-1.571472816643393,0.7611381847999835,-1.5541467586568392,0.5015665601122444,1.684,0.05090532522595592,0.01847408800177638,4.26804504505513,13.341081101447125,OK,
-1.1769532640315876,1.7204708138378,-1.1163924423054483,1.6261193315856397,1.308,0.1466870087877037,0.005499015806992205,3.3835030796241234,12.504388472604338,OK,
-0.5317272764146175,0.6270875625379841,-1.1645981408289243,0.8916124252928903,2.104,0.004544803558657495,89.77118022959576,8.571290264555803e-06,8.571290264555803e-06,OK,
-1.5764495130461011,0.8740339323079866,-1.7680517366958255,1.2166807074243782,1.392,0.034038092593713376,0.05112753962971697,3.5871570793238465,8.639226914211811,OK,
-0.883096737263646,1.5323796224518704,-1.0376664017193449,0.63355777254108,1.52,0.08213888321148644,22.902187406992404,0.00933117464812754,0.015353456998680449,OK,
-1.4672320842921815,0.808865287487706,-1.1763829133297794,1.7138036424134904,1.684,0.010453848217427897,0.02654459571048215,3.8108824688111076,10.276289394141214,OK,
-0.7958773754335913,1.171890735803367,-1.658814908558326,1.1493036956951639,2.088,0.02061066120526478,0.045932104266523915,4.075930755141989,9.115932858603582,OK,
-0.6273171328159908,1.7665188038585973,-1.5414651701342859,1.5467183960480773,1.26,0.037389364387672375,0.0002876271466756676,3.057616390073268,10.431453202642299,OK,
-1.226915651414679,1.226154977870605,-1.2905669535065871,1.491780837121953,1.756,0.7740109585267974,0.008320291770367676,3.147722166973064,10.917389306921876,OK,
-1.109958719169942,1.2853580885639695,-1.5771804999075631,1.180117488281137,2.164,0.2187593242819883,0.0013483054261840127,3.0354582329526005,9.309570003693759,OK,
-1.158471022678421,0.9746368069205953,-1.7089114628456727,0.9586287459185958,1.408,0.00973890908276176,0.0024074447265909115,3.3134558869822306,13.356231929060847,OK,
-1.6997073879719957,0.6850872099319213,-1.3972513580934591,0.6482024632166113,1.86,0.05325408903307127,0.03669332981861618,3.278738022113976,10.587412229400282,OK,
-1.1009881808000739,1.764188093213108,-1.743276006337064,1.5908160129849187,1.164,0.11332709974522337,0.0005724897131227102,3.2772227788868387,12.795261446869533,OK,
-0.7623533687237468,1.122611302439258,-1.5312689541994824,1.275428547908438,2.332,0.08956473715669144,0.07237301248121561,3.0283832244891107,6.092065210349634,OK,
-1.2415704735538673,1.558827233196275,-1.5131228636233778,1.4892475726303604,1.796,1.105724915363676,1.338964429427416e-05,3.0454284705281327,10.966350823554977,OK,
-0.5853096368915798,1.5945043472746918,-1.7405372639732521,1.4474265790134861,1.98,0.032349144842734434,0.003089072764652151,3.3274278698274733,10.270924477165407,OK,
-1.5060190411731287,1.1777133777744986,-1.6695873941367323,1.3048351333306774,2.392,0.05283873920265236,0.006613056238084423,3.1076873303788384,11.78642537375565,OK,
-1.1256911383391741,0.9381216128808133,-1.1252087908455057,1.4774244527424352,2.348,0.08991613335319215,0.0030069073196999177,3.2810219367083695,10.39068039723743,OK,
-1.5668994846036834,1.4052623269143414,-1.590004915001477,1.4251244798235287,2.36,0.3104550732357705,0.002494069309931068,3.072362810566407,9.156681635361334,OK,
-0.6573384460950371,1.6234003005566204,-1.7953371092316515,1.4354512762589038,1.768,0.06856002765272384,0.00016320250027133205,3.2884156860145186,10.246894318447747,OK,
-0.573675374260538,0.589979048177698,-1.552032288776451,1.4941768312572745,2.236,0.007037944491841142,74.73341078644489,-1.761635217531139e-05,-1.698676263351375e-05,OK,
-0.7905957394507627,1.7859997030520731,-1.076542172776389,1.2480353513508569,2.236,0.011778155709414317,0.03666389935867799,4.631654979650646,10.239708479582136,OK,
-0.9901248943149643,1.1018525670286825,-1.700371450668957,1.0750379880634713,2.264,0.07452504155551631,0.011517046822049445,3.2759095685582302,9.367555807270875,OK,
-1.2893345878136093,1.239030959897662,-1.071423424115689,0.6052116725968977,2.4,0.323429152626455,23.74547440035142,0.008738040148443212,0.013796980365918777,OK,
-1.6496071168211899,0.7716536927994453,-1.1439042297383488,1.0496531279254624,1.996,0.018197664155372273,0.00023721434737464234,3.3903198739194043,13.053416563154036,OK,
-0.5794899199416614,1.4551740263275514,-1.5096228340335778,1.5236547005481176,1.92,0.02556778757460254,0.02910728302386057,3.634651230960289,9.669727421236152,OK,
-0.7465186197491263,1.7949740317194198,-1.6312932373429347,0.619033919210973,1.84,0.046435351872569974,3.644020634940669,1.2647300525233067,1.9241028541659595,OK,
-0.5075914482088137,1.666721238637513,-1.8094298688980812,1.24074712875644,1.78,0.09926136087558879,0.022074493257451464,3.121109975189305,7.665610621248191,OK,
-0.8261445931235086,1.7236454088246644,-1.3096177266122835,0.5481015882700181,2.18,0.04747637922546044,2.211896403979314,1.6149859682506873,2.9568195710271894,OK,
-1.2992021486468617,0.7264017313342737,-1.4284180900333163,0.8793573568868096,1.788,0.01652948727913861,0.04536541669798577,3.308104832395044,9.273910552423596,OK,
-0.5248023566333442,1.4145066012127439,-1.5843678392489569,0.6180855831388297,1.468,0.007141191736747876,0.38429300822725215,3.607340063766928,7.164644040795596,OK,
-0.6088396999626589,1.546755154666718,-1.4598192196766178,1.211640376213631,1.812,0.0319967862391457,0.005091443555844615,3.224637985188755,9.955856139029507,OK,
-1.306182942255238,0.8139671141927767,-1.5699717134837325,1.333241607369676,1.404,0.004814532219999279,0.010628468323419196,26.1182573208346,26.1182573208346,OK,
-1.280247119842648,1.5916080004908606,-1.3980218523618506,0.978676983167881,2.0,0.22289902090944147,7.026357319034914,0.4576147583169294,0.7536577883533501,OK,
-0.5143304011923091,0.8074091845596341,-1.1542525723061914,0.6008458486495452,2.188,0.0022385006143896824,46.436323819812706,-3.5565627018288516e-05,-3.5565627018288516e-05,OK,
-1.0058220126607011,0.8192775101896566,-1.0327317661819055,1.6454551943364162,1.796,0.0015153359444717296,3.9472020680191386,2.239866557773,2.239866557773,OK,
-1.3540567474996001,0.8686508797900643,-1.0976012434030382,1.7239487190783453,1.692,0.009524489165501082,0.6081667476321901,6.084099647311172,7.461126761669589,OK,
-1.6189357569423386,1.5168482597133763,-1.3580175666821668,0.8803312151904414,2.22,0.1107547257800765,10.482394526502928,0.2065317332683615,0.3189383799554826,OK,
-1.2771243098546892,1.4616650161503155,-1.0302346424036801,1.613904656216137,1.308,0.020807381088721044,0.014086557759286186,3.023731422368458,9.00925966492399,OK,
-1.3498144682548858,0.5857386955488716,-1.0743836033111154,1.4125392266746881,1.96,0.007701557489538935,0.7039851415572473,4.092449343699847,6.170918692498432,OK,
-1.295224954305614,0.9533832411295645,-1.7817169351691475,1.3025806357398586,1.28,0.007672684142341124,0.024259331540641547,3.003276557354917,12.773374258771884,OK,
-1.4599132094948126,0.8849724455713609,-1.1151529529905255,0.949835541130656,2.152,0.062224063367031235,1.5254141767183018,1.9481126299149647,3.4389891108747377,OK,
-1.092786968398091,0.5775017344455946,-1.215928891936032,1.2542338879449098,2.304,0.001398230208943918,0.4099794040637508,9.058151498406673,9.058151498406673,OK,
-1.5534760209991654,0.5641178970593196,-1.432022334493585,1.4988610464980314,1.652,0.01022199421147496,0.2249270638237981,5.897139519335816,9.433258232737867,OK,
-0.9737457795736454,1.7361486295346067,-1.5590791564814845,1.624269090307761,1.704,0.09133263640632383,0.00019566087622619323,3.1298534679606647,9.893282316272984,OK,
-1.3668764436539373,1.7272606054865998,-1.7066872794990737,1.7753482757338872,1.852,1.0238170296786686,1.044244715007316e-05,3.1303856390451443,13.641258122948312,OK,
-1.3850274732304944,1.3535531193849124,-1.0996189039137472,1.7986356947151172,1.684,0.0671264436880945,0.012297893629229064,3.0279989352342507,9.286352997840337,OK,
-1.0427614187769847,1.5812090193864838,-1.2662749527206145,1.1898675624810626,1.836,0.07526962910881863,0.0010059474969782796,3.0664609620717735,9.64994616035761,OK,
-0.5766626433436322,1.1615796796033215,-1.7112118895081605,0.7602157211604572,2.388,0.011408790809180669,20.76247330993292,0.01971455004363801,0.03185718281550883,OK,
-0.6060776867512598,1.3211104138455658,-1.3156943228408218,0.7764507633286541,1.688,0.02857116148313965,0.09260705819912265,3.88810605911589,9.312940240716687,OK,
-1.3377732909675866,0.7174533195930495,-1.6228589755272511,1.1975214639267837,1.544,0.008607619119939125,0.15739830970934354,4.1420176319517745,9.314156832430314,OK,
-1.3741469398421495,0.6818072521444466,-1.0863923473190966,0.5719053804119376,2.376,0.03356115970595086,0.19627295291183472,3.930724636514598,6.62059640348535,OK,
-0.9663245101184511,1.2100876105041685,-1.6014285761627172,0.7111423074185934,1.496,0.03967809643280962,0.015245532246085174,3.6237383116678092,14.17607916834676,OK,
-0.725988847475227,1.183771875964727,-1.7044858655816857,0.6571220766328706,1.412,0.0021668811838173596,0.0702287970997032,17.947468400363796,17.947468400363796,OK,
-0.9631036368810871,0.9733854081245938,-1.6865653833363736,1.1776269059907394,2.104,0.006582579540498568,0.781135680278151,2.9881358223939203,5.411067444299294,OK,
-1.3635157229342743,0.9853615466814041,-1.4084635165265438,0.9039440495386536,1.744,0.08100107223131148,1.4510439095740482,1.9719401336032578,3.885680934086826,OK,
-0.6317001831696665,1.7740343817112216,-1.4841091996296152,1.5941000241386107,1.432,0.03741570831648611,0.007416535852743008,3.719104319501478,9.908002597515,OK,
-1.4995891256235367,0.5664092971379654,-1.1930067647065017,0.8204028676846213,2.152,0.015444149612127145,0.13116198398803047,3.5510272450548657,7.684147244305234,OK,
-0.7022115484920108,1.1566362552509264,-1.1289133410049441,1.3175826512973494,2.1,0.024364784597500577,0.06350420608526296,3.2119218284972866,8.551746675979498,OK,
-1.2664879715730166,0.9635831571822886,-1.3914021215367465,0.9760890336940267,1.764,0.0905948041425757,0.04685347196552145,3.0806385483101595,11.752404477335018,OK,
-1.0619572853605712,1.031389476953912,-1.0670910352235583,1.5274887204849557,1.856,0.018374602835861564,0.14125580770177373,2.914599314542063,7.873898995821219,OK,
-0.6796274888181415,1.0650494614784676,-1.3436769311776062,1.3904984775799547,2.296,0.005777462813487677,2.1842460046081538,1.8095470655128068,2.9129708831086947,OK,
-1.0934369093793554,1.0678172524787386,-1.1725910971343403,1.8029999566874508,1.624,0.009242753672913606,0.3330299888363291,5.162770583232183,8.24010151012408,OK,
-0.9291367004219145,1.16804548409372,-1.6797059361719473,1.118271044148183,1.416,0.008551065261408475,0.012959404343684948,3.7697762112698285,14.514206688359028,OK,
-0.5569501789968372,1.6509649812441336,-1.2579733445530574,1.4557160963635876,1.416,0.03800680662371714,0.0042489886687964735,3.6159351348874917,10.074996629595285,OK,
-1.4006962287265248,0.9426549641159649,-1.1656058350783889,1.8166105306121585,2.34,0.10516164144153395,0.013603337110176868,3.252269924295643,13.913175997805249,OK,
-0.9056475085162432,0.9057668070774157,-1.7611248580585421,0.8285908802177957,1.484,0.019099115425388113,56.23949931436534,-0.0017057835494063485,-0.001109000443871386,OK,
-1.165732295345655,0.9069759728580428,-1.158946770422995,0.7773337896583988,2.188,0.06577736440665038,1.2923711517089933,2.0341449784833325,4.190428115319172,OK,
-1.4814691992440208,1.1124199358434996,-1.3061029545117058,1.230117285179551,2.18,0.1160930468795951,0.0010273046721151434,3.0643802145277297,9.441686969408355,OK,
-1.336120858472174,1.6135809585744885,-1.6929534046299035,1.2594265384242118,2.06,0.14453780858711696,0.0012798988652207145,3.044841482030762,9.393522403335648,OK,
-0.8046983586762075,1.5084490746314094,-1.1132653915705766,0.6366218269282115,1.548,0.06122013863786946,18.12475754320939,0.023728434957242455,0.029786104921510178,OK,
-0.8554780502927196,0.8307173520145816,-1.23753673167969,1.2818220370216034,2.248,0.005994783719353691,10.72005888596628,0.2959125982468772,0.3437308253956405,OK,
-1.5926970121157584,0.8971364739882769,-1.2416233600575937,1.7474734371136027,2.188,0.05851710921718967,0.032474785443389824,3.054697620379103,7.815368413488164,OK,
-1.497984493168586,1.015481395825629,-1.538359759688806,1.7698815993017405,1.808,0.08000265481879998,0.004390349551682343,3.158442146888189,9.368770560092086,OK,
-1.440579869586022,1.7713974061810858,-1.6247976573016816,0.6109346916410048,1.792,0.2602130077491671,14.723502354818647,0.07683620503503288,0.11920989284631747,OK,
-1.2579595202506872,1.0992833464039902,-1.598785375622889,1.039785365411607,1.468,0.07513171267918883,0.010166213352320439,3.2850092602294714,14.388252341879255,OK,
-1.51284793476907,0.9201219705880075,-1.572976131585092,0.8363272010458327,1.588,0.060485991602348355,0.8040965913416144,2.6814750879615055,5.350059174098004,OK,
-1.5092994544580995,1.0511734704291054,-1.3303194087988894,1.770843937839293,1.6,0.04626814357265774,0.00030253337054746734,3.0786374409789268,10.441186201362788,OK,
-1.2349182057239805,0.5531577410990433,-1.7024064082957002,1.3753615766643115,1.848,0.0015483070092070506,9.28329522613193,0.5473240894604651,0.5473240894604651,OK,
-1.1872726199789412,1.8067261279824554,-1.0621120824837216,0.8446592045749385,1.26,0.13029644499229853,28.285632352217448,0.0034297228204752082,0.005264028696938299,OK,
-0.5682262084400991,1.7821216589315723,-1.6515039741507094,1.4523681790495442,1.98,0.021780046443426793,0.008150982965266153,4.104689699929342,10.970070587926017,OK,
-1.1164516873888037,1.2017415247316685,-1.4780404713001658,0.9952761996786224,1.56,0.06632648911683336,0.9176398942868019,2.2787631382268896,4.943164431734705,OK,
-1.6353295413114606,1.3977232044742753,-1.4881784568259424,0.8236008244834356,1.652,0.18506633546379647,11.62014484726837,0.1530736521388245,0.24396431990328754,OK,
-0.8328767776819647,0.95011160223396,-1.2521781763988244,0.797072429485076,1.968,0.003545313388685578,2.622081744116016,3.43817328352133,3.43817328352133,OK,
-1.693812758682062,0.7880025653471424,-1.4268358629535685,1.0569304055547417,1.776,0.045197329927869845,0.2175972701133017,3.133836332024095,6.775115999303922,OK,
-0.8751205377329863,1.569759418128751,-1.1582405885944214,0.515048777752141,2.4,0.015250934901952728,2.7635354260229468,1.728323993729193,2.5093925843595644,OK,
-0.5272418404274113,1.3169689028099718,-1.2856224055746743,1.0876913172963811,2.264,0.009814962296585072,0.17546316159906244,2.884002907925474,7.300118896862821,OK,
-0.9681425734167307,0.5121187319786387,-1.1946145387891733,1.7523413517234008,2.324,0.04034418989409261,38.586702628806876,-0.0015309968180389354,-0.0013093229261885947,OK,
-1.3348437464241918,1.4111833460291017,-1.3788187184807337,1.2204877647243215,2.28,0.7291929133369139,0.006306507016756679,3.005129906247141,12.01347875707241,OK,
-1.5595799534277273,0.7558305903104916,-1.5279941107858,0.8116665960917568,1.664,0.058907139781360085,0.002887302214891807,3.1744522211909576,14.06803535514,OK,
-1.526230317462222,1.6755123904327338,-1.3592774855202014,1.5000806073542803,1.876,0.27932153966348383,0.00019184634188455655,3.0515067483483307,9.833075103666811,OK,
-1.2380619950492417,1.5343465897595223,-1.4721085320940606,0.886812788878195,1.932,0.2523761667891893,12.947201837311413,0.11039514636153964,0.18523763336902108,OK,
-0.8093138779371254,1.6543674014558378,-1.019829282404014,0.8887421034446373,1.42,0.06744760397203375,21.17291281053715,0.016620561192993228,0.023977369346721775,OK,
-0.9364781729363054,0.8547501847552417,-1.5934257221722168,1.6508004458777332,2.092,0.005443684466961862,10.608634418878601,0.2238449789894439,0.3101193884822181,OK,
-0.6817326186901251,1.472696175153751,-1.6823858362414201,0.8751401122849746,1.356,0.035646599228419396,0.4404332934854097,2.919364534600835,6.013285288551558,OK,
-0.549668708950974,1.0404815967102166,-1.7894911115015661,1.5336844385080415,2.148,0.010600329894518534,32.49056062332784,0.0066120472824547855,0.00764691287260347,OK,
-0.7413730322871647,1.640545583971746,-1.6145997065689448,0.9435516370985999,1.3,0.03236113973305832,1.5139075653850003,2.2013147589764968,3.9050611938851234,OK,
-1.410533629887112,0.841527192884461,-1.4408978902872878,1.184990117274074,1.724,0.04168800895286795,0.001135596689785792,3.5059086383246827,10.57635226536633,OK,
-0.8512768901181961,1.4463939395044751,-1.2954325719835103,1.5032679711122365,2.3,0.08843871491775612,0.0014011316569705935,3.115335905509076,8.902724388599598,OK,
-1.0150116538481946,1.4166517604577824,-1.1370029388958418,1.175812378142548,1.908,0.06378756529230678,0.0007887831704504745,3.6004019716742857,10.435489655487988,OK,
-0.8302189205373711,1.4301182551085145,-1.6437616166246336,1.400958192167855,2.064,0.2483887906011617,0.00022162125889074293,3.051394074360665,10.300844793590448,OK,
-1.2722776915359273,0.7306405564837101,-1.668875652364683,0.7268659097919512,1.556,0.008667534539342325,0.3345531768313551,4.192290405534412,7.745843767253428,OK,
-1.1057880650038183,1.0916917366127818,-1.2284642426132144,1.3810932569077634,2.128,0.610062088734795,0.0014068960832980082,3.305507479514965,12.703159297742864,OK,
-0.5232391018128386,1.4779704271148881,-1.450610367201104,0.969814551914095,2.06,0.051140020532321806,0.009652898513726083,3.438051014005945,11.630899051461162,OK,
-1.5799134563977342,0.8790216086421332,-1.7518836641121782,0.5974934209858754,1.456,0.04750834941213666,0.2545757235329812,2.9019614837816023,7.773956440157804,OK,
-0.6237958398940235,0.7222957675519428,-1.759392079377321,0.7812772758631874,1.456,0.09290487087324317,113.11795606872207,3.5730168513569564e-06,1.1806400142319758e-05,OK,
-1.0532620815797835,1.4960884209017469,-1.6130800031981285,1.55075648372832,1.984,0.5881994004647402,0.0007321026445427471,3.0911725522114235,10.868984581576754,OK,
-0.8138585771163098,1.049271387708803,-1.7182534536970324,1.1669211403685162,2.044,0.0022009669866527304,0.16785018988259334,14.248950304655818,14.248950304655818,OK,
-0.712226100960507,0.7097335453724225,-1.6629321947738873,1.0514098411655088,1.48,0.03448533998423775,85.78963717304882,2.189381551857627e-05,5.75545203429034e-05,OK,
-0.5370421474389633,1.7290886209536935,-1.2585410178094683,0.720463286848277,2.248,0.040418737676583216,0.20147678196895807,3.238869012425694,9.264984775807525,OK,
-1.023915194765335,1.4362033107919738,-1.7544608085962976,1.1916329401446057,1.292,0.07021683554167879,0.005015101966210203,3.4058428684275235,10.148719073302424,OK,
-0.9952449236427171,1.1953106572333132,-1.6819795179773067,1.0085484030913778,1.388,0.016405797344829054,0.12952412934416718,3.861382193095593,8.094803645877498,OK,
-1.0648341606643497,0.7069170125022388,-1.3230667112917212,1.0054918130416577,1.892,0.0021341500965730287,2.0882511788821128,4.1999932129845154,4.1999932129845154,OK,
-0.9936410860356222,1.800962182167011,-1.1780459151393237,1.1654513044159116,2.2,0.04094165964907903,0.0050108442698379805,3.2777648127632713,9.898041700231273,OK,
-0.7933101626672336,1.2379888364533778,-1.1671693800511018,0.6996757214807909,1.848,0.039131220488668905,5.787524544144694,0.6599205262443211,1.0313904861003231,OK,
-0.8802820534793607,0.5763479966486176,-1.2248123107239361,1.723039165797606,2.216,0.05683026572953542,54.23733751933088,0.00030782664231311473,0.0004480975643724521,OK,
-0.8589645963315682,1.7069074726328077,-1.151716996921712,1.2709271454539133,2.16,0.02518570073865689,0.007683032603596021,3.166339519193359,9.358316065321494,OK,
-1.0168975700457414,1.1331345380957287,-1.3371311760817963,1.0236216982404742,1.724,0.08199540266503558,0.030056263017489322,3.0441971411675213,12.878946900487048,OK,
-0.9815344223973194,0.7836185028221789,-1.6378515556167779,0.7343895999253016,1.58,0.003393202146839913,13.471280784461882,0.19980711945286916,0.19980711945286916,OK,
-1.4563694258129436,1.693786796611392,-1.812169521107921,0.5823715064091274,1.196,0.12873895045459705,14.21450722365252,0.08505257055552903,0.13166610800608114,OK,
-1.1078319063476427,0.9016590869364793,-1.7350203776525652,0.8265649666604243,1.452,0.004092672921388374,0.09094946030835167,16.835178550369164,16.835178550369164,OK,
-1.258672633071863,0.9984705158534062,-1.4301717237929241,1.3780451278470536,2.004,0.07367470146174804,0.0033426057303133226,3.250732634752938,9.676583979033252,OK,
-0.5505894627264916,1.0741496982103045,-1.3654859075296746,1.648369309377669,2.028,0.04361268546930219,28.655495265484138,0.002669287215395614,0.0027983154638475493,OK,
-1.1923912809795607,1.4528659287213908,-1.4207531856115025,0.9211875613767271,2.008,0.2803817714339476,12.290126191555952,0.1356182255953458,0.20991545203302497,OK,
-0.5155513397246227,1.139399739105427,-1.3254535253136122,0.5701561019939494,1.824,0.12110479442919897,56.97304672287933,-0.01975903690940426,-0.010635987806023737,OK,
-1.5444803110141667,1.277572932365094,-1.7173659704992696,0.5197582297437461,1.396,0.12244727990204907,8.957121167350895,0.2904134392197661,0.4653581558287846,OK,
-0.648045318339814,0.7546566093307824,-1.2188010004565486,1.6403793269554041,2.164,0.06470934712097742,65.33549047456292,-0.0007556159056687333,9.97802796427255e-05,OK,
-1.3283902823303717,0.9281522456606158,-1.3506554555972856,1.7867677855363426,2.024,0.17212438234339578,0.01311550181352003,3.0399065256668467,7.986414733516055,OK,
-0.8732140600483581,1.2944112787936453,-1.0521578438274592,0.7720762443924305,1.808,0.080581324082597,17.50191851405502,0.03875872911248252,0.06032065276854796,OK,
-1.1477219438615953,0.6197208444554361,-1.515442983859423,1.425947454670669,1.96,0.0013695155878792331,0.9578012296227818,7.040291205309782,7.040291205309782,OK,
-1.3254270580470249,1.602160099983259,-1.6611162240403148,1.685139746341901,1.864,1.044778572538537,0.00012625559685959333,3.291133353640005,15.239962261139596,OK,
-1.2227792162935054,1.6645709624719887,-1.2549117458490833,0.5986968512303921,2.28,0.07570195690395254,6.655925323114208,0.5171848946134243,0.8269623059489817,OK,
-0.8118666369994235,0.541748221638181,-1.4853631370131788,1.2888084383207925,1.488,0.009570199808019764,79.5431311717919,-3.120901892487042e-07,-2.317962429038718e-07,OK,
-0.7801265325532791,1.3679936708467355,-1.5241946291814676,1.6542590853995331,1.892,0.05902480471900562,0.006975852632522713,3.2301642277998974,9.29247647375868,OK,
-1.6799980879027963,1.4629408078861288,-1.4765372500172664,1.811077657971013,1.524,0.531404725580344,0.003028416069368047,3.091133435005195,8.177909948003432,OK,
-0.5595848133315402,1.2693807450996986,-1.5489718147591978,1.6689237396118901,2.34,0.012748005291773445,0.05551711017961443,2.9975365448624554,8.12245311441391,OK,
-1.380046655912475,0.7425751858571716,-1.3040403073972717,1.265519972037783,1.888,0.02262244131495894,0.06399026710950684,3.2072795369055718,8.52672054582843,OK,
-1.1174175378398599,0.5171879258217704,-1.5298936081561385,0.6849996016301095,1.672,0.09420790574918692,62.48739301816918,-0.005560718033372131,-0.005269513759948732,OK,
-1.023164761175456,0.5275822491839004,-1.235584383908808,1.630136568812674,2.196,0.0008794101924576303,1.337286100599793,-0.7897842938681356,-0.7897842938681356,OK,
-1.0884147837811504,0.6441631741646088,-1.3411790439293185,0.5222701359793407,1.912,0.0016322470182592586,2.7865100962827243,3.252827719119047,3.252827719119047,OK,
-1.076344284743421,1.043446700521594,-1.2505165380583931,1.6335228537416773,2.16,0.2311116396197792,0.00013020125274230013,3.267287816172308,16.894969759272506,OK,
-1.5023065722243403,1.5614337198327362,-1.7534068328564267,1.5833011401194206,1.232,1.095629884124795,0.00062643275212997,3.124428990535573,9.474989139292697,OK,
-1.4932313290422545,1.244345070844758,-1.4467550229033388,0.5944103528801655,1.728,0.17566152777443622,11.570363717513947,0.15697851543816424,0.2487701318681495,OK,
-1.2689579830209317,1.1052749321552553,-1.374500425649786,0.7997753024573859,1.764,0.12772413384154935,7.07406058652772,0.453665160737928,0.7442206566940265,OK,
-0.9437127858659243,0.9297736904460246,-1.7720054646029768,1.4512509261706867,1.76,0.0017337789554456862,1.8124052695177766,4.670025778974787,4.670025778974787,OK,
-0.7679241935334122,1.2076651128917786,-1.6741471217408832,1.1956583439205044,2.256,0.12306972652570458,0.030308154599699808,3.0932073189243106,12.580045475807712,OK,
-0.8216997699658376,1.4213406533565376,-1.5808659013783068,0.5509736228660294,1.428,0.03299624777585297,2.053802158133068,2.071377789407291,3.2391566432330485,OK,
-1.071210885265799,1.3809889643979258,-1.2825131222559467,0.9154624870763064,2.192,0.15364004011752597,7.3679517497539395,0.4374376748027903,0.6939857757175375,OK,
-0.7213469482607491,0.9247640479524162,-1.572018950244878,0.6650368173850659,1.56,0.01730257579894845,48.9028515978474,-0.03855674145838748,-0.031988833083709756,OK,
-1.44965369237619,1.6761528182627405,-1.1383197914158103,1.3837646019269847,2.084,0.05130992847823901,0.0012593575036891054,3.6430484132396095,10.930679057575068,OK,
-0.8391496038820014,0.569443155881775,-1.23326715949141,0.8538090661348146,2.06,0.04761233936206999,51.635071503298626,-0.013135576331965704,-0.01025994249153277,OK,
-1.3455070247228385,1.341139191553568,-1.53629708602669,1.615328259523703,1.444,0.8315059241829963,0.0004313731947392683,3.0715047171554333,13.369003727289341,OK,
-0.8446691799316072,1.1219571349815434,-1.8165302578718752,1.3742539522204358,2.252,0.05859021405072928,0.20420007913337315,3.0660783234226074,6.997189447724321,OK,
-0.6256618672769934,0.7277635643461029,-1.2318975887652455,0.5099665024603571,2.088,0.0015445905166031615,47.196222706657174,0.0008150311485472597,0.0008150311485472597,OK,
-0.6535742536520583,0.5838484438722078,-1.3424061743380946,0.8605018720540069,1.908,0.004486748191378398,96.62761114520352,-8.812885296217388e-08,-8.812885296217388e-08,OK,
-1.1330982616193546,1.056128563536515,-1.7884421333112257,1.3918017018942597,2.288,0.03990171111080976,0.0042886863137491585,3.177092648924024,9.857753421301615,OK,
-1.0195397880728785,1.2910128181980873,-1.1046406028216196,1.3124290649658263,2.192,0.08413215478592972,0.012830067085567984,3.084381619890182,9.076215201331687,OK,
-0.95080699686978,1.1369938007174767,-1.5600784969468642,0.7516157269744064,1.564,0.04198004162739899,0.1463764588961449,3.323603586474313,7.650717151231999,OK,
-1.1452018235170962,0.9346010343526499,-1.4591613700570103,1.532117400281194,1.924,0.034647009493047554,0.0013282351565263796,3.3107814153510873,10.29237814953737,OK,
-0.6731928697026794,1.0341438419679363,-1.77766366843351,1.6648987136693252,2.292,0.21578289268505024,53.926363577463846,-0.003671941387007472,-0.0024415090580955944,OK,
-1.6400260807935594,1.152222912855898,-1.016206181313252,0.9187940338346665,2.368,0.12140429259511754,7.797791343024061,0.38649011873901246,0.6789678669077366,OK,
-0.9834656733727317,0.8701763172787336,-1.5612300431424577,1.5409987297613117,2.2,0.0028896639842108662,0.5725911367029565,9.082550695223592,9.082550695223592,OK,
-0.7643862326458839,0.6977946294635153,-1.047855430332163,1.3457612916472184,2.072,0.0029811889588371443,29.186433705573805,0.06255089825596057,0.06255089825596057,OK,
-0.723223228005617,0.6121212075803986,-1.5220864268067698,1.7361906360548942,1.08,0.018889966150209103,83.14744023065613,1.9580772107007635e-05,2.8313948786605486e-05,OK,
-0.614860169867435,1.6229189793395302,-1.7147087341735832,0.7252870579925377,1.276,0.027229821257341857,0.2575658797061353,3.508440078988222,8.53815792359543,OK,
-0.9333242105281895,1.5252951530384622,-1.5688042166548912,1.7153211401392336,2.036,0.21975932076542648,0.0032185051283727725,3.0302532100237665,10.807183599712907,OK,
-0.8470578254819793,1.0747544923672279,-1.7994013889473586,1.5704362695167435,2.092,0.0061212902965390725,0.06167683150278591,18.50615265394163,18.50615265394163,OK,
-1.536607881719249,1.4771804809015674,-1.6158931855473373,1.212748767909712,2.072,0.27979958660829607,0.008672964655414731,3.0077632475025085,10.769994804934669,OK,
-1.0069872075852926,1.286323452188613,-1.65555032315771,1.8134072631725957,1.596,0.061113928706310716,0.004717292016735576,3.1648757867361303,9.546054778125429,OK,
-1.5645589303344258,1.4276162794083787,-1.4710688081057781,1.4704959633988277,2.284,1.0968373290235347,0.0005245158874900548,3.1229609117461155,13.993152585304198,OK,
-0.707673615357943,0.7109989224696897,-1.7241445149691135,1.280132645149605,1.952,0.06940326166914979,91.39735929924146,-9.511690228359234e-06,-1.5355085582202892e-06,OK,
-1.6540383848628482,1.0138509641329012,-1.1010155573212699,1.1120671260350505,2.216,0.07225616401946722,-0.000499403653519965,3.0241713828469567,9.511942246095623,OK,
-1.3107657760346458,0.6023755860606246,-1.2398606327671664,0.663324923761823,2.04,0.010290005119510948,2.8772954683915737,2.647047938623145,2.895847286016039,OK,
-1.2106229513068252,1.106589741551618,-1.3645057741882738,1.2321775711830867,1.712,0.23125348663622125,0.0002575834840114429,3.0437944216159374,8.59817925875687,OK,
-1.2102928421864618,1.3067736969531685,-1.321863537531212,1.5877215327917222,1.808,0.854196118849545,0.005195651979237608,3.164698646160498,8.669649481156135,OK,
-1.214641154516135,0.5364682894031658,-1.4570543059710528,0.5044179859787956,1.772,0.0013210192688870581,1.6073374683585508,5.0958537899524705,5.0958537899524705,OK,
-1.627299057607245,0.503046577220689,-1.8042769803266303,1.5658177663171655,1.708,0.005676948160670214,0.7291184172099747,8.109321041916825,8.109321041916825,OK,
-1.5548235258982361,1.4714579915312442,-1.8141629527687748,1.6325479816723216,1.632,0.2555202252742259,0.0025488472627416678,3.041596247577996,8.40238980707073,OK,
-0.7169925315847645,0.9478979034453683,-1.5504585303848661,0.5163081204237894,1.576,0.03741662810825841,52.60358434967558,-0.043836322427945267,-0.03898119850786351,OK,
-1.5236161040579583,0.622751793227316,-1.6351412361551794,0.5130157915201649,1.628,0.04627296827433569,0.12532657884270648,3.8090980602262055,7.593710863155208,OK,
-0.8717981231970634,1.7320591069826825,-1.5065401720234148,1.655363527244136,1.264,0.09383558818939486,0.00367531577446969,3.045145861282237,8.40438241640023,OK,
-1.6922151981102662,0.6356090623205951,-1.0775668181101787,1.1227686716464058,2.232,0.01416174930830616,0.3795975884029421,3.3084579327711294,6.903697414990707,OK,
-0.8891753878765699,0.6767783768619754,-1.3877872925048977,0.8023786251360399,1.86,0.031248388189362375,59.78397037234263,0.0030445427942772077,0.003752662684377438,OK,
-0.5032697871188518,1.0613856311191092,-1.4065100405333029,1.0315663988208224,2.4,0.002478603418250458,40.37685471261057,0.00039821604240290206,0.00039821604240290206,OK,
-0.7288420422796777,1.2468068844318738,-1.0263235711648173,0.722613623948753,1.944,0.041563279838475076,10.57017511894097,0.21742972937648836,0.3242263760225982,OK,
-0.6927915121871568,1.3941031621640496,-1.6940015515867166,0.659827128274645,1.392,0.013237468742714142,0.6273046651066017,3.5378641290297246,5.939040487864538,OK,
-1.069369032754305,1.5024340206876512,-1.6412159362368204,0.7482044237371616,1.336,0.05541681942278487,6.907292447319269,0.47007037410577535,0.7736347519441356,OK,
-1.1574605396438686,1.501586087741734,-1.1399939942462765,1.1739548934183115,1.896,0.0675103644023185,0.008670435483659982,3.1515871091332404,9.240474393371306,OK,
-1.1375201398761616,0.9694565380369944,-1.802133551084727,1.7923533297925347,1.608,0.010535265059809396,0.18727201810400276,3.057533414924154,7.583005049207582,OK,
-1.415505134155372,0.8238782108147611,-1.4122937393112347,0.9013911956345191,1.764,0.07207213666783985,0.026752013932429354,3.058306216501105,12.941464059884563,OK,
-0.9983877044400864,1.1318698765056423,-1.0434220963876597,0.5610555063085119,2.056,0.21844827723049165,19.54817048864358,0.023436212195561155,0.03855631696859882,OK,
-1.3955732507041108,1.7094759305562632,-1.6607922029970488,0.9226361461279553,1.712,0.26221194470495157,13.365680266792344,0.10148608138348816,0.16699097616537031,OK,
-0.8684418259793906,0.5948324659164098,-1.7729085529901698,1.6211731777949807,1.008,0.021037072007651703,81.35333682676904,9.83859094678679e-07,1.234931413694849e-06,OK,
-1.5853552937852975,1.8175839196719425,-1.436604941636085,1.2340052158748471,1.748,0.3913961038749103,0.0017487627290595316,3.057129710918826,13.51599126931329,OK,
-0.9251551627594851,1.2985587558779685,-1.000406513999383,0.8721779458143005,1.816,0.11360924549764073,20.843599949852766,0.020360230658241153,0.02905862784083329,OK,
-1.2187885004410315,1.3491266013369008,-1.7206454404321525,1.5206407678653144,1.196,0.019939691645607605,0.0009474761524369916,3.20889476951269,12.189338715220961,OK,
-1.3930170746147088,1.70411369865778,-1.7415604662813349,0.8098400228749043,1.2,0.11921420417110018,13.906512764523987,0.09102810743661073,0.14178711763154672,OK,
-1.1729909025427112,1.1867984011295976,-1.0640177240512267,1.4677517208387112,1.972,0.1418464241998978,0.02326523657709338,3.028875381114253,8.958810011192758,OK,
-1.3475593416827991,0.8124806543886305,-1.4046990410439217,1.4797719325130587,2.02,0.025886119046563127,0.0011293387965428726,3.344833001834063,10.704363362243418,OK,
-1.1207825820905803,0.9663055572751809,-1.666486049257342,1.778312244623774,1.692,0.01523212290822551,0.019521351812280582,3.0802506364169253,9.963860534100409,OK,
-1.1132028392995243,0.8399696748659529,-1.4519375229966607,0.6777370332587074,1.728,0.009033934890917417,1.802152400777865,2.864116269291598,3.777564063998966,OK,
-1.633924613501589,1.4007339538195418,-1.6170297436176235,1.5145993136054652,2.14,0.2954527140751311,0.00021593439640123517,3.082188803494966,10.222348326723209,OK,
-0.7733480486818494,1.5424930255946476,-1.4157582280056509,1.4834871625342076,1.588,0.06358313740774246,0.0007105603699743383,3.193768866884865,9.910289124354772,OK,
-1.5502434739839162,1.302547080569429,-1.032660400199863,1.4859772363057622,1.972,0.07401863117060925,-0.0002491007729080347,3.1157597639140304,9.417754380613275,OK,
-0.694598389585876,0.8516063960812403,-1.1087020726744388,0.9473855283611265,2.172,0.0014233244357368946,13.98669632649967,0.18087365085851279,0.18087365085851279,OK,
-0.5104860026231246,1.4314611750419537,-1.6082381834091712,1.7461980528663792,1.84,0.011308349496949921,0.012533778030733304,4.370190366862658,11.659145832912701,OK,
-0.7515739842021512,0.9834200120346801,-1.6775324741226811,1.4195503015231858,2.28,0.002682074927756517,7.769540068825434,0.7954125985905337,0.7954125985905337,OK,
-0.6551867464745369,0.7137525895281221,-1.0185712213870073,1.6599897714002625,1.776,0.005130332219048794,48.39655526780085,-0.0007356579432292054,-0.0007356579432292054,OK,
-0.7851401527768095,0.8929681215207466,-1.288884516024303,1.4325559269968662,2.356,0.002120005664584923,6.253752749593117,1.1743156067206204,1.1743156067206204,OK,
-0.8647404244836833,0.8500077369084476,-1.3268922614827936,1.5053085560996518,1.692,0.001091396530713551,5.686597577026395,0.07457427853196628,0.07457427853196628,OK,
-1.2849740948995902,0.8333118481457378,-1.8076293573479951,0.9357395979997503,1.384,0.0062351887762734926,0.10673768784059845,16.148160862409398,16.148160862409398,OK,
-0.7605243024121834,1.2141732843118036,-1.1019166196917323,0.7904160910566609,1.92,0.0388593948698861,5.128449000900687,0.8049479361759875,1.2435613342671785,OK,
-1.1520619158261902,0.7204018145786537,-1.4430216677840337,0.5078974975304502,1.776,0.0034268757859912125,0.3495668393093118,11.119601600504343,11.119601600504343,OK,
-1.0841636547402613,1.549220723889038,-1.2877828983014266,1.5967438172214448,1.828,0.08446027836685666,0.0004669146681218553,3.101079350863399,9.926467018910488,OK,
-0.9223824453048968,1.573267231527713,-1.2733951849515397,1.4063279931265067,1.6,0.08036508054006353,0.003177925868712681,3.216506535829267,9.280037006813012,OK,
-1.356132746944158,1.6419305409743823,-1.317769751868087,0.6440297073319531,2.216,0.10556151480736053,9.056714960884584,0.278761024345152,0.4494095280932219,OK,
-1.0479127196823228,0.6607320401602912,-1.5346451354934434,1.0027776720510744,1.828,0.011282563350370145,43.99820979673078,-0.005555807933575883,-0.0052859637123426366,OK,
-0.8008789525446337,0.5243005043401358,-1.6048417783149487,1.329580086328114,2.396,0.001312412450521716,51.776347156028706,-1.3946114214670487e-05,-1.3946114214670487e-05,OK,
-1.6064436657258978,0.6305235319626953,-1.562829693190214,1.638378833302653,1.86,0.012660051381901516,0.014200590148192287,5.438856612906255,11.915805289802677,OK,
-0.7049111414968207,0.9005037623918036,-1.6319734101796621,0.9591484758961407,1.496,0.005500362197762287,46.77595875530863,0.003700239918135282,0.003700239918135282,OK,
-1.6292539859032935,1.3408238800360543,-1.7924611860011062,1.3461581736899761,1.852,0.06251341222202189,0.010835764169491802,3.064368975798275,9.120114775549418,OK,
-1.1941725618483585,1.715819046107671,-1.017492719797846,0.538481721097118,1.324,0.15106699160905412,30.702473023328942,0.002035694659899212,0.002703204234336013,OK,
-1.1266320131072862,1.2276654741089252,-1.4199626312641436,0.7381727713732563,1.62,0.08668707018271893,8.010096102329893,0.3709150132330359,0.5838782770431764,OK,
-1.484670329727876,0.5583968944305695,-1.7508593393598229,1.0881543034048249,1.456,0.005070792581198802,0.16347715053135647,14.321457308009116,14.321457308009116,OK,
-0.8144882930634815,0.68995893386986,-1.6532082036657485,1.3624626617558189,2.356,0.0033529703431112168,58.89909350560185,-1.0792195212949793e-05,-1.0792195212949793e-05,OK,
-1.4629231875902282,1.3914823474995193,-1.543081365331807,0.5904984911876425,1.6,0.3435200431637655,15.299191518971842,0.06507428493970888,0.1054128122904944,OK,
-1.4123196765481714,1.0023387497679592,-1.2781120533953965,0.5792651351656574,2.004,0.08735817216301833,5.795702565650203,0.6336454930205481,1.0328031406714855,OK,
-1.3445261502291592,1.3353812150270352,-1.1983985460362594,1.0906140232008106,2.128,0.47281904173984635,-0.015232162308594838,3.0733041420245226,15.388280472561036,OK,
-1.079042207592815,0.9179041089774183,-1.3387356425333041,0.5472266452077383,1.896,0.04809599255105046,0.11336267451430282,3.1487510088358666,10.349762576027459,OK,
-1.2285437871211342,0.9787661084714587,-1.479746361013918,0.8408667028472964,1.664,0.05572054864595022,0.04734595288401596,3.4290149183661818,10.842468055601902,OK,
-0.777072550874213,1.3862281220752428,-1.2937083966481384,1.7072411601185404,1.692,0.07228086650571908,0.01274208486105925,3.054793063396274,9.078060012349352,OK,
-0.5344301542172425,1.1162983384240963,-1.5080008299717185,1.512130071433959,2.168,0.0016223005529245604,7.613530569112514,0.8226640317564584,0.8226640317564584,OK,
-1.3760724437199066,1.4980364915628208,-1.292130480812546,0.6690798179002143,2.28,0.12309587923762288,11.566105456358663,0.15479110247293246,0.24592725332799892,OK,
-1.0736370126045642,1.485505864681752,-1.0534568829606075,1.4429365404624344,1.468,0.1694573879082315,0.016115762926563488,3.237054855557423,9.344354841454356,OK,
-1.670508252210829,1.1931331504300673,-1.633914475545592,1.519079721687739,1.44,0.13910871851606288,0.0013972247507267087,3.05142115948419,9.303085116217868,OK,
-1.055038991606149,1.5263210664448945,-1.050010637034117,1.1265525456847052,1.976,0.027633562702167547,0.01217861954700177,3.321742214526338,9.11501689259847,OK,
-1.5374000395089553,1.7127987663982993,-1.2624173973482533,1.5282935594760383,1.888,0.12699734058713363,7.724843376156871e-05,3.1087651992192455,9.993618121635247,OK,
-0.6983684171328488,1.2623995487330686,-1.5907626755483002,1.7394170443672807,1.676,0.008894310196034816,0.17767812099149502,4.3006774955944325,9.13535872223187,OK,
-1.1501027125403258,0.5459661503671215,-1.2061441645932582,1.3147260195115846,1.944,0.001761866325670658,1.1509955561725962,5.57803684801028,5.57803684801028,OK,
-1.2175017272953141,1.0296928484662093,-1.0604031759777515,1.6008044977649523,1.804,0.023329073655488308,0.02895116095847365,3.3696407651509035,9.16223490769051,OK,
-0.7141343764939299,1.0044732246917762,-1.521254657838726,0.8479166540759382,1.54,0.02950290024137403,53.73100210896708,-0.04438127776716142,-0.029266583684929903,OK,
-1.6820247206196395,1.232203758191222,-1.3138163646637255,1.3584713512412665,2.056,0.4695696027820875,0.0005165650854242162,3.028589282260254,8.319255808809036,OK,
-0.7688347035932122,0.9943566965605621,-1.5556639309046578,0.5361415674063178,1.608,0.0014169785852902184,3.6233612250579865,2.4731304800127036,2.4731304800127036,OK,
-0.5300840637051352,0.988141883918856,-1.3758096941416547,1.274943366169508,2.4,0.007393506346571321,47.022293904789464,-0.00035842663349864445,-0.00013610815902646918,OK,
-0.5384529992502227,1.5710614551375615,-1.0471584572526587,1.4612912384567969,1.556,0.04713715464663082,0.003618293208911148,3.146074745903977,9.100937910635993,OK,
-1.6390122175947341,1.6088418138089202,-1.5958899715766028,1.2671819186254485,2.14,0.3735277936315984,0.004664679594501753,3.0897043529552466,11.98697731238741,OK,
-1.4772951628386561,1.3611096415483894,-1.5030760716167313,1.430157426763858,1.528,1.0840287654091383,0.00011219840306692353,3.0271816656991515,13.172858629947742,OK,
-1.1405964337464516,0.6935740266925887,-1.4173121142274927,1.7952372919734385,2.124,0.002756564620113977,0.35486954230109335,11.053425085942255,11.053425085942255,OK,
-0.7338668918956693,0.5295987098086173,-1.354958678762848,1.058843502506313,1.688,0.24593605344772174,104.10898203373976,-2.5152194809351728e-05,-2.176127473370817e-05,OK,
-1.2636750565112342,1.6564709462707954,-1.2731024239705162,1.7850690692920503,1.684,0.06812638335984111,0.0016334385141505868,3.0841581722613136,9.772429693345662,OK,
-1.5177807159986723,0.6322451493376912,-1.578484244418326,0.9400459715423098,1.588,0.016703111248986158,0.013993580458587476,3.7964535712984375,10.581120796728023,OK,
-1.098025800582518,1.6306770613077566,-1.058764666303819,0.806454323691446,1.4,0.13640696867265967,27.375307981512897,0.004313410459321712,0.006548637746670661,OK,
-0.8503112702547172,1.6049793138343402,-1.4674661743802653,1.7006756287241673,1.46,0.18296036371332014,0.0023552544794398105,3.100677125533446,9.25679947707384,OK,
-1.3031055143808639,1.3306228753884266,-1.2208828553403266,0.7851460758761943,2.38,0.12946247935361432,12.850988218334649,0.11511992730476098,0.18202429179804216,OK,
-0.8550831236664468,0.8598077993434352,-1.248330142082155,1.7601600778825128,2.132,0.0017126659841495417,0.08674370889850498,17.289138208158544,17.289138208158544,OK,
-0.602937722501325,1.3897015327406173,-1.5804558793750498,1.5071643164795359,1.98,0.02832814377353321,0.031840206255779734,3.013043267612823,8.391359926086041,OK,
-1.340779266491198,0.8651075965233554,-1.7467135238658502,1.6775724007481143,2.048,0.009858113421671977,0.02588725872879865,3.444534011124021,10.086703450985402,OK,
-1.530288180328852,1.0863430555018971,-1.4818052747962625,1.6937497003048763,1.86,0.11397187008166143,0.005845524239604702,3.1515338540641102,9.233659695674847,OK,
-1.0861430703613961,0.8822063320574989,-1.1184784029457762,1.4730617357402696,2.36,0.03772194229796,0.03259662573445175,3.086660786248573,8.353183735436732,OK,
-0.9635229042846665,1.7902858356949998,-1.688139661084851,1.7080480077447484,1.624,0.09372818337950028,0.0014431197501583572,3.187547571150472,9.607222849542005,OK,
-0.7550253644756564,0.5803398671868302,-1.194967416779212,1.673534097676712,2.28,0.08670913295090843,70.05467185443356,-0.0004889360719733621,6.179540226998393e-05,OK,
-1.5684779081789442,1.6583157753413156,-1.0881172822178402,0.908650791827978,2.4,0.015781096111785242,19.868339137726892,0.02796892565497502,0.03587666953803094,OK,
-0.6606824870964241,1.6705601526893932,-1.3935751496314033,0.8573188450910221,2.044,0.04984001662023552,0.5621372019844179,3.0891884774309486,6.557979780712517,OK,
-1.293837115638941,0.5964590336797104,-1.5191195496159455,1.4218089948404828,1.96,0.002764585886600779,0.015845870586926165,24.38675106140156,24.38675106140156,OK,
-0.5945074453438994,1.0225289230475805,-1.6889715651836972,1.482299805039613,2.248,0.025725367848757674,38.495344952723045,-0.0016577579356629468,-0.001405729280958683,OK,
-1.1819404992689004,0.5148607372718838,-1.1711753808520005,0.5537429091506887,2.236,0.0034959873829869537,2.880149996407754,3.1445830079392523,3.1445830079392523,OK,
-0.6343891997001447,1.3831939970056961,-1.1823031681998826,0.9416750070082976,2.296,0.0255733054217262,0.13644467944544614,3.7225784697119435,7.6757610795505995,OK,
-0.6187648895789208,1.5859829363989029,-1.505410887049968,1.1697920457722932,2.244,0.014486002844585677,0.010659614159240613,5.8698970216281845,12.929217751685185,OK,
-1.3191745102415255,1.7612442973882776,-1.3121973579718489,1.583802744602553,1.364,0.16751120702229327,0.0011602576346386663,3.026143927656379,8.586085656915467,OK,
-0.5023289425060913,1.3116158471595132,-1.3728948899662055,1.2853482106171419,1.916,0.004335435846259061,0.36978121300616773,10.881704592964066,10.881704592964066,OK,
-0.5974367466618717,1.7454455792526422,-1.2965611868606906,1.0292073344232533,2.024,0.024249720362397476,0.02516781194918613,3.5020932235697706,9.199346118671574,OK,
-1.4698504762846791,1.7417150320377617,-1.0911447338911704,1.7281723402565954,1.224,0.06782572945829779,0.0007392572921751484,3.077523869961765,9.983712928418688,OK,
-0.5535881292587459,0.6972313549075033,-1.0020879527052462,1.3960203692299404,2.04,0.0013999758667777584,43.503104718448014,8.19511214601607e-05,8.19511214601607e-05,OK,
-0.8978296199279345,1.4427606123114027,-1.4252513724154852,0.736315798938696,1.476,0.05278975823678733,8.15871003889838,0.37429877181982785,0.5725324593242559,OK,
-1.2515533252888833,1.182148711577405,-1.008404871798532,1.3380588370764237,1.612,0.025908809543951916,0.0005096316659849046,3.646914683779135,12.514295935629377,OK,
-1.0679647245838173,1.2550246557602094,-1.2980210725958903,1.6662104320157254,1.612,0.39529565528105337,0.005923172448379961,3.120742505580927,9.24214881051614,OK,
-1.0811519727892542,1.7564176012578343,-1.5479145125763698,0.9718535324212532,1.836,0.09987647087029305,4.438801339090271,0.8858584111331755,1.4937760721434257,OK,
-0.8880825352373146,0.800125019654008,-1.646181134355436,0.6398729374613705,1.54,0.0018572744738714064,18.25997531527978,-0.00931247104519104,-0.00931247104519104,OK,
-0.8921832313978805,0.9550554885074103,-1.3336519115019614,1.2067366085905473,2.192,0.008823960451837642,0.18335592356012287,4.600017772201404,9.217239235649213,OK,
-0.6358473438374053,1.4024284677014276,-1.785519461036732,0.86665535170259,1.296,0.006625194140138957,1.8918262252098041,2.613053778166277,3.566857263740517,OK,
-0.9553404198781879,1.6457704280107495,-1.544404025091911,0.8172470875022813,1.9,0.08803275879513306,7.6733541736809885,0.408230567641915,0.6405558405497899,OK,
-1.4866722618507875,0.7495550076411867,-1.2804950248519842,1.1371245498475404,1.936,0.026858298363473976,0.027584756782714277,3.3178396232737732,8.972586646473287,OK,
-0.7899497751633452,0.8373041072331675,-1.5948066644835974,1.205896150254199,2.04,0.006011017019669662,35.439674220091305,-2.9191333663846904e-05,-2.37932764905373e-05,OK,
-0.5885964521810341,1.007089724879584,-1.4960425202390901,1.2633598021911725,2.4,0.005924025266687227,42.04743387615512,-0.0002054528442672416,3.280015837276794e-05,OK,
-1.1039793753474902,1.0942205155391673,-1.2691401623787941,0.6137340057561322,1.888,0.11414494384806195,9.313919905840372,0.26726603539446364,0.4237325697435246,OK,
-1.1846776660456602,1.522272756125689,-1.6094089188646783,1.3560354686232627,2.016,0.5230857011142576,0.0020087711605546437,3.065256855993419,11.601444466509072,OK,
-1.6092621641456568,0.5566891894616619,-1.7787538455869782,0.9965032578588466,1.388,0.009050637913554427,0.030662020377288816,3.9744478152061498,12.750795210983759,OK,
-0.7568030159118397,1.3296456066734532,-1.0046623880451582,1.2908342504670989,1.828,0.10191613808666355,0.02866464698067605,3.025665212469151,12.161711051671528,OK,
-1.051288731063173,1.7190437941482997,-1.0918929683562117,0.9066836316037243,2.4,0.010911220571124591,7.143582116843489,0.5624077680266638,0.737818435225542,OK,
-0.7822209393172849,1.7922080451938185,-1.7753793374161921,1.6897074630607156,1.836,0.058454160824565005,0.008302230149874891,3.0778185833601066,9.062307025256443,OK,
-1.0372716289327288,1.2005043573295708,-1.5669105666129788,1.462862911230835,1.468,0.024175004192493077,0.00199479416635517,3.156165227093158,11.138391804658488,OK,
-1.3122203073689047,0.7929417250259709,-1.6382259562280457,1.2402200897238025,1.52,0.012356067856566844,0.16804581343605196,3.5769335540433467,8.389502063047997,OK,
-1.179205807910569,0.8616554665370686,-1.4995277099522717,1.643391165984058,1.876,0.01962443700826344,0.04119464467359799,3.6756343170503754,8.991694692880202,OK,
-1.2015178855757105,0.8891443106546192,-1.5862029888827172,0.9315014751521677,1.548,0.015511374037364467,0.0333177574745305,3.4529529375985915,9.206251103448926,OK,
-0.9041714891830078,1.6275418031933064,-1.3627612129262283,0.6796144173869584,2.108,0.06600007171269295,5.140847037657745,0.7897894274151636,1.2493011693273621,OK,
-1.2838583141769877,0.5339903972697836,-1.1449192116413327,1.047781450185986,1.92,0.00408005918014176,0.9751925809375589,6.954557326172573,6.954557326172573,OK,
-1.4290032829753145,1.4444065380071884,-1.0370282733801157,1.3268530358349446,1.66,0.059964735767700006,0.0013404662990169488,3.0903094185081494,9.923177056115545,OK,
-1.655607400169287,0.8429718691456711,-1.7942429189081817,1.736797592141565,1.656,0.025229076436628306,0.0019958011851708003,3.174554197208959,10.206746249254385,OK,
-1.3324775194080485,1.6966281389945017,-1.6961797951062851,1.561380375600222,1.864,0.8676670744261632,0.0010087917887236632,3.1036921890278983,11.883767387652462,OK,
-1.672723091688322,0.6084830592600263,-1.1058051942963294,1.386970536685686,2.032,0.009312315206715827,0.15934266412785636,4.882830879652686,9.658689899228282,OK,
-0.6894387999947653,0.6059610501652233,-1.1500122337181606,0.814842126763053,2.192,0.00702419303076951,59.83406929571145,-0.00011695696295600627,-0.00010256830022009196,OK,
-1.207515250309547,0.5007679444395802,-1.7586936046692523,1.6812235566589133,1.628,0.064522460435948,48.51481953414527,3.1796450887977683e-06,3.801493274375598e-06,OK,
-0.8959575949256003,1.0575914756092133,-1.2055387827040964,1.018022250071128,1.94,0.02938329435225384,0.0556698495610219,3.359016614194851,9.048440288193818,OK,
-0.5829121282003997,1.4908271281920658,-1.8161186957420998,1.6785554202484514,1.984,0.04237554669170729,0.0014095474739697252,3.096070989138191,9.901593697639788,OK,
-1.5400771033641156,0.6680727993159159,-1.4108452373619222,0.9538249719288023,1.82,0.026716499942871064,0.24897417334534172,3.091520839512021,6.826380081955621,OK,
-1.6775760980902905,0.7681027033119292,-1.5012669326749606,0.7138653920844282,1.72,0.05679452878938984,0.2793055400043418,3.121511287047052,8.8647221306642,OK,
-0.7389910837483873,0.9116777759768684,-1.7163491254077285,1.4172070294236285,2.292,0.03706456081191245,45.55510836798213,-1.3681326737888995e-05,-1.2574226798286156e-05,OK,
-1.556097897745173,1.8083988514167024,-1.021768846129234,1.4655269033240101,1.5,0.037217470248655404,0.04037897586296781,3.0824785092925087,8.712077143326212,OK,
-0.6829952885082202,1.1628970753851644,-1.0067932176583554,1.592240318596999,2.144,0.05426349891275262,0.6106587341478296,2.638625521128079,6.349109521898982,OK,
-0.6691019440713322,1.125120614813388,-1.2270153916405224,1.4076330044781964,2.056,0.006569750014566722,0.15996678512931412,14.417971256217596,14.417971256217596,OK,
-1.6897171018997317,1.599932760694806,-1.6197976174276643,0.9847557881734896,1.528,0.28182027286013267,11.633856870630705,0.15488671288255587,0.24227731220854212,OK,
-1.4722472076829447,1.5894807663256196,-1.7083739021673292,1.3080999781422789,1.964,0.2845977827976036,0.003491189806716637,2.9843952533822087,10.224430454086432,OK,
-1.5842357669194864,1.6364515000587954,-1.122622698445631,1.2273229054935881,1.792,0.10212527719903886,-0.0029953765500644516,3.0589616239263533,9.69200388215411,OK,
-0.9240191774467599,0.5620784318278702,-1.7562209567941756,1.6711746020517624,1.544,0.0020507652154970746,58.904686490230944,1.0606115372014567e-06,1.0606115372014567e-06,OK,
-1.4746182444453848,0.6837424543260378,-1.7623969631607799,1.6970467042018027,1.356,0.0061083129178853834,0.29401404753680294,11.840331334663256,11.840331334663256,OK,
-0.9115290990673158,1.4860483397805728,-1.3058585757924288,0.9522221918413809,2.124,0.09499672626101674,1.338929049491521,2.03421262398739,4.105791474671346,OK,
-1.0958184369213968,0.7859562404962477,-1.5452001559109454,1.1546388355103585,2.2,0.002309477609417243,0.24564151023529313,12.725770172231456,12.725770172231456,OK,
-0.834582212494007,0.9976299087107259,-1.4350584334966843,0.9001498264130816,1.72,0.0025953815871631036,0.9433561906332348,7.0942379586509565,7.0942379586509565,OK,
-1.621631745898377,1.1978757019799187,-1.5569072706984577,1.332658160105891,2.352,0.0951872510537668,0.0012057960390921807,3.380817144541827,10.903681314403334,OK,
-1.3272814801003645,1.8122405326816329,-1.1558190608379473,0.783297703774751,2.392,0.027082733480705556,0.09093181917612074,4.206590465042497,11.656018483336746,OK,
-1.392220707052096,1.2339895623090378,-1.62927234160607,1.4594285023874893,2.228,0.1204333537174902,0.0006644567136110495,3.022519854401444,9.371945378244492,OK,
-1.408826018366795,1.1558909884698387,-1.402438110796263,0.7466057422847239,1.76,0.15414972220336964,9.268408760603474,0.26819342500571686,0.431480427979194,OK,
-1.1548269402462,1.009382625095721,-1.3082302702199229,1.7317261461569664,2.044,0.2076556067340043,0.04161454012025962,3.1644237468347085,10.60544207301193,OK,
-1.385901645523302,1.7873190966398966,-1.402470323788363,1.0706649394584475,1.952,0.18744834642587804,0.7812453783905244,2.3803689992426227,5.3849231094209955,OK,
-1.5049202073601997,1.3729808732994373,-1.1877185378962363,1.3383463499307742,2.136,0.3664966453262637,0.0010313226230635206,3.05260709227481,11.3094396009794,OK,
-0.9594524254534055,1.2050442892459339,-1.6213699922705218,1.4036313470584534,,0.0,,,,FAIL,'bool' object has no attribute 'primary_sweep_values'
-0.9516992613796608,0.7593614702190872,-1.0357892572394554,0.9905633827940523,,0.0,,,,FAIL,'bool' object has no attribute 'primary_sweep_values'
-1.5733188221374983,0.6877910838788681,-1.6845756018058435,0.761777861015694,,0.0,,,,FAIL,'bool' object has no attribute 'primary_sweep_values'
-0.7005478729793979,1.5801056939495324,-1.3000482158174467,1.608610174417905,,0.0,,,,FAIL,'bool' object has no attribute 'primary_sweep_values'
-0.8780569824593917,1.3443473000912864,-1.4306078449103892,1.0615812824312054,,0.0,,,,FAIL,'bool' object has no attribute 'primary_sweep_values'
-1.6304127158025559,0.7774991122142645,-1.0789319721243569,0.8956090793462423,,0.0,,,,FAIL,'bool' object has no attribute 'primary_sweep_values'
-0.6399809660552502,1.038089026912122,-1.0230798021145153,1.545690962718668,,0.0,,,,FAIL,'bool' object has no attribute 'primary_sweep_values'
-1.196444867736517,1.1285247340059499,-1.248989755865512,1.7654692044173081,,0.0,,,,FAIL,'bool' object has no attribute 'primary_sweep_values'
-1.4434338704738738,0.5192506147616152,-1.331703471052082,0.9256535904354282,,0.0,,,,FAIL,'bool' object has no attribute 'primary_sweep_values'
-0.6757097843930495,0.8014774032097749,-1.4637145845656234,1.1572568016896971,,0.0,,,,FAIL,'bool' object has no attribute 'primary_sweep_values'
-0.5187555695721116,1.378410088784268,-1.647369434034923,0.6244932173193731,,0.0,,,,FAIL,'bool' object has no attribute 'primary_sweep_values'
-1.6482507902390298,0.7972436778711652,-1.6260484711190537,0.5242216211747687,,0.0,,,,FAIL,'bool' object has no attribute 'primary_sweep_values'
-1.176555454022445,1.5463074888236272,-1.4729153390119398,0.5600043521702791,,0.0,,,,FAIL,'bool' object has no attribute 'primary_sweep_values'
-0.6448329868962464,0.8044525483639515,-1.7841644182993104,1.7598802652211443,,0.0,,,,FAIL,'bool' object has no attribute 'primary_sweep_values'
-1.0593071613723493,1.0183509438439264,-1.4941135700839212,0.966941513800448,,0.0,,,,FAIL,'bool' object has no attribute 'primary_sweep_values'
-0.8659694430456797,1.7781098661211352,-1.072937931089928,1.343413719693743,,0.0,,,,FAIL,'bool' object has no attribute 'primary_sweep_values'
-0.5709608660171175,0.9375729149240115,-1.6649727521299929,1.0261317939591605,,0.0,,,,FAIL,'bool' object has no attribute 'primary_sweep_values'
-0.8287139773965965,0.6149652294537479,-1.7337670791730169,0.7547474168285375,,0.0,,,,FAIL,'bool' object has no attribute 'primary_sweep_values'
-1.6040965411464099,0.8476614586737992,-1.3826484783738913,1.806691365932784,,0.0,,,,FAIL,'bool' object has no attribute 'primary_sweep_values'
-0.7757527935580876,1.5304350913379206,-1.7309047555369546,1.0844120573949747,,0.0,,,,FAIL,'bool' object has no attribute 'primary_sweep_values'
-1.2487014101760683,1.356150266121861,-1.6911647869140511,1.3535890220811773,,0.0,,,,FAIL,'bool' object has no attribute 'primary_sweep_values'
-1.6682094401323881,1.3368270151468686,-1.4694217756368024,0.9625744233649526,,0.0,,,,FAIL,'bool' object has no attribute 'primary_sweep_values'
-1.2462427269585958,1.4570819219451174,-1.3338561282836507,0.7676419332366887,,0.0,,,,FAIL,'bool' object has no attribute 'primary_sweep_values'
-0.7869077171782117,0.5369456634441402,-1.2681013917363406,1.4392696079784937,,0.0,,,,FAIL,'bool' object has no attribute 'primary_sweep_values'
-0.7531613892769828,1.4660339008693337,-1.0291241034988619,1.7787374590172123,,0.0,,,,FAIL,'bool' object has no attribute 'primary_sweep_values'
-1.1712498321223315,1.4344470131103972,-1.3848439344776364,1.8012999915432815,,0.0,,,,FAIL,'bool' object has no attribute 'primary_sweep_values'
-1.6878776948418202,1.687273807254407,-1.7703974150896327,1.702104595878775,,0.0,,,,FAIL,'bool' object has no attribute 'primary_sweep_values'
-1.4957321591162018,1.036605689138004,-1.5171391450290292,0.9330305739946558,,0.0,,,,FAIL,'bool' object has no attribute 'primary_sweep_values'
-0.7318771894928242,1.7509195008859104,-1.0053567532118979,0.86138038992268,,0.0,,,,FAIL,'bool' object has no attribute 'primary_sweep_values'
-0.6390547317180162,1.3720853119761622,-1.08332373627777,0.8300027567867028,,0.0,,,,FAIL,'bool' object has no attribute 'primary_sweep_values'
-0.7359243446585363,1.3253544201241994,-1.0888481382077366,0.6229396946863975,,0.0,,,,FAIL,'bool' object has no attribute 'primary_sweep_values'
-0.9027031507003405,1.0963295683278542,-1.0693146557050077,0.6281846643972202,,0.0,,,,FAIL,'bool' object has no attribute 'primary_sweep_values'
-1.0320750282349191,1.1110063611245375,-1.3472289763280374,1.0204019007506568,,0.0,,,,FAIL,'bool' object has no attribute 'primary_sweep_values'
-0.8374540981347726,1.2614028979820016,-1.1606090683133274,1.0986096933300264,,0.0,,,,FAIL,'bool' object has no attribute 'primary_sweep_values'
-1.511800136880634,1.5412063566271046,-1.5256167784786487,0.585494373643787,,0.0,,,,FAIL,'bool' object has no attribute 'primary_sweep_values'
-0.5911960143015804,0.7395409960751964,-1.2166290155809367,1.5764178354822185,,0.0,,,,FAIL,'bool' object has no attribute 'primary_sweep_values'
-0.7997310311096031,1.3010537737826429,-1.1892484500108003,0.6099751303269283,,0.0,,,,FAIL,'bool' object has no attribute 'primary_sweep_values'
-0.5435293650470219,0.8751406211767725,-1.2786152602892462,1.3661343141392126,,0.0,,,,FAIL,'bool' object has no attribute 'primary_sweep_values'
-1.4263970406499713,1.3656667800672486,-1.207842394487544,1.7823917673627006,,0.0,,,,FAIL,'bool' object has no attribute 'primary_sweep_values'
-1.290780398346049,1.758078672336307,-1.4914748143670549,1.2367276847689561,,0.0,,,,FAIL,'bool' object has no attribute 'primary_sweep_values'
-0.8852251951843826,1.519094205213636,-1.6271371317952417,1.4462351585948183,,0.0,,,,FAIL,'bool' object has no attribute 'primary_sweep_values'
-1.4040005740135744,1.7809346909136898,-1.2610448585229612,1.6961015915684103,,0.0,,,,FAIL,'bool' object has no attribute 'primary_sweep_values'
-0.9765648151516485,1.1757244733768446,-1.1296429863552602,0.688466038121373,,0.0,,,,FAIL,'bool' object has no attribute 'primary_sweep_values'
-1.450926605269936,1.3133562566970394,-1.315751816146134,1.0100112308075753,,0.0,,,,FAIL,'bool' object has no attribute 'primary_sweep_values'
-1.481981111105084,0.9093610458258754,-1.3498416030658253,0.9877297989110398,,0.0,,,,FAIL,'bool' object has no attribute 'primary_sweep_values'
-1.2217751634958034,0.7403235927308649,-1.184536864962732,1.074496454418111,,0.0,,,,FAIL,'bool' object has no attribute 'primary_sweep_values'
-1.0416260229416774,1.4916505090566021,-1.7974854798268252,1.0781253425895787,,0.0,,,,FAIL,'bool' object has no attribute 'primary_sweep_values'
-0.6866180411527321,1.3463087439282027,-1.38694446985008,0.8828946554198377,,0.0,,,,FAIL,'bool' object has no attribute 'primary_sweep_values'
-1.2044483278386773,0.8188223377266524,-1.246100911832547,1.3013424419273218,,0.0,,,,FAIL,'bool' object has no attribute 'primary_sweep_values'
-1.4895601799416187,1.4078459906480263,-1.2011477148579233,1.116082465974086,,0.0,,,,FAIL,'bool' object has no attribute 'primary_sweep_values'
-1.1690521930988877,0.9924947426713177,-1.1694826037174435,1.3093768509064172,,0.0,,,,FAIL,'bool' object has no attribute 'primary_sweep_values'
-1.3584062342190684,1.2794159844900101,-1.3360622475632606,0.8692031301174394,,0.0,,,,FAIL,'bool' object has no attribute 'primary_sweep_values'
-1.431367076917786,1.7473339041814797,-1.7286986269492652,1.201243222122599,,0.0,,,,FAIL,'bool' object has no attribute 'primary_sweep_values'
-0.9102834337043672,1.1647345184819824,-1.726944601638547,0.8047205954191159,,0.0,,,,FAIL,'bool' object has no attribute 'primary_sweep_values'
-0.719694152947425,1.4695524008991816,-1.4536297265765517,1.7417446440221633,,0.0,,,,FAIL,'bool' object has no attribute 'primary_sweep_values'
-1.0334922607001675,1.6605377800691932,-1.2754344287753345,1.0981964117086433,,0.0,,,,FAIL,'bool' object has no attribute 'primary_sweep_values'
-0.862038910372262,0.9584354197442385,-1.587667162197783,1.0349416856394997,,0.0,,,,FAIL,'bool' object has no attribute 'primary_sweep_values'
-0.605486302351987,1.1461891860467617,-1.180573891601656,0.651691398519948,,0.0,,,,FAIL,'bool' object has no attribute 'primary_sweep_values'
-1.2508683071080675,1.144970439907702,-1.1414526374640892,1.2502494602231597,,0.0,,,,FAIL,'bool' object has no attribute 'primary_sweep_values'
-1.5417948243355264,1.5565469531372176,-1.0562682626423396,0.5297654336424206,,0.0,,,,FAIL,'bool' object has no attribute 'primary_sweep_values'
-0.5623777765236293,0.7009561358398637,-1.4906344476519915,1.3674126316217883,,0.0,,,,FAIL,'bool' object has no attribute 'primary_sweep_values'
-1.4619480272604528,0.5218160826100715,-1.1860571158993731,1.1214039457335256,,0.0,,,,FAIL,'bool' object has no attribute 'primary_sweep_values'
-1.529524919569036,1.419870471783863,-1.3557851739588433,1.3701483078663426,,0.0,,,,FAIL,'bool' object has no attribute 'primary_sweep_values'
-0.5069344892778507,0.6404054792876925,-1.455015792915603,0.8323615299417245,,0.0,,,,FAIL,'bool' object has no attribute 'primary_sweep_values'
-1.532911641712092,0.6645653667835365,-1.497869071653913,1.5367683841158624,,0.0,,,,FAIL,'bool' object has no attribute 'primary_sweep_values'
-0.7106200666190261,1.737424111103787,-1.04566009238362,1.0535928594793327,,0.0,,,,FAIL,'bool' object has no attribute 'primary_sweep_values'
-1.3986338910789664,1.6315109996008146,-1.126639038181073,1.0441601178831337,,0.0,,,,FAIL,'bool' object has no attribute 'primary_sweep_values'
-1.2737835310813612,0.7814609853038482,-1.2564892366522256,0.646845446878971,,0.0,,,,FAIL,'bool' object has no attribute 'primary_sweep_values'
-1.1603613552005845,0.7709065948687521,-1.5746711489081857,1.5565123557832283,,0.0,,,,FAIL,'bool' object has no attribute 'primary_sweep_values'
-0.5431886206570116,1.2733452462854942,-1.1229823067652958,1.553356954052814,,0.0,,,,FAIL,'bool' object has no attribute 'primary_sweep_values'
-1.4171519132975783,1.6699493915852888,-1.360585105538043,0.7104763603994083,,0.0,,,,FAIL,'bool' object has no attribute 'primary_sweep_values'
-1.5209141141925753,1.6340416655270757,-1.0252085307704464,1.2945075398091301,,0.0,,,,FAIL,'bool' object has no attribute 'primary_sweep_values'
-0.8068094156333481,0.61599535002466,-1.153230064398907,0.8528253632162195,,0.0,,,,FAIL,'bool' object has no attribute 'primary_sweep_values'
-1.6741449502684753,1.7114295971663789,-1.5980459349653802,0.7886590636464738,,0.0,,,,FAIL,'bool' object has no attribute 'primary_sweep_values'
-1.4195468202997026,1.7705363890081847,-1.744602318733158,1.4363679232334035,,0.0,,,,FAIL,'bool' object has no attribute 'primary_sweep_values'
-0.6673897676389902,1.6968458664007038,-1.5648726479385378,0.578932767924597,,0.0,,,,FAIL,'bool' object has no attribute 'primary_sweep_values'
-1.3209948951658335,1.5628562829222954,-1.4441416830127376,1.5630328232234347,,0.0,,,,FAIL,'bool' object has no attribute 'primary_sweep_values'
-1.5477093021672832,1.684931858997596,-1.7486855718160976,0.695133067112319,,0.0,,,,FAIL,'bool' object has no attribute 'primary_sweep_values'
-1.1633517813096002,0.5100430037812687,-1.27149357874816,0.7009756887772295,,0.0,,,,FAIL,'bool' object has no attribute 'primary_sweep_values'
-1.6952368411193177,0.6610307147253778,-1.58381803989143,1.0940665884114746,,0.0,,,,FAIL,'bool' object has no attribute 'primary_sweep_values'
-1.598332313411266,0.6486578385473084,-1.4626722107899135,0.7302581577651505,,0.0,,,,FAIL,'bool' object has no attribute 'primary_sweep_values'
-1.4052484175700317,1.3771212918104605,-1.1466291445232288,1.2869110235548933,,0.0,,,,FAIL,'bool' object has no attribute 'primary_sweep_values'
-1.6584358421172116,1.2706913878973594,-1.4139993809933833,0.6552159224610468,,0.0,,,,FAIL,'bool' object has no attribute 'primary_sweep_values'
-1.2972818875466203,0.5716697728043738,-1.010625569046011,1.252030603566661,,0.0,,,,FAIL,'bool' object has no attribute 'primary_sweep_values'
-0.9857582385947296,0.6560393270010174,-1.133767801492908,0.5409127513225803,,0.0,,,,FAIL,'bool' object has no attribute 'primary_sweep_values'
-0.957880746331459,1.215436888602308,-1.381014992775113,0.6379686062819229,,0.0,,,,FAIL,'bool' object has no attribute 'primary_sweep_values'
-1.5166063373749057,1.7401837434091885,-1.1630465321617496,1.147986193784508,,0.0,,,,FAIL,'bool' object has no attribute 'primary_sweep_values'
-0.9480376744775275,1.2508957428053629,-1.2015294646802386,0.9116314375890284,,0.0,,,,FAIL,'bool' object has no attribute 'primary_sweep_values'
-0.9894125398566072,1.2661329773753454,-1.6063288511899805,1.3227048530672654,,0.0,,,,FAIL,'bool' object has no attribute 'primary_sweep_values'
-1.2007283965517606,0.8840398995521028,-1.2637681805013474,1.1049698954875344,,0.0,,,,FAIL,'bool' object has no attribute 'primary_sweep_values'
-0.9191684512270227,0.7661911541841686,-1.1786467746590565,1.2187630956760778,,0.0,,,,FAIL,'bool' object has no attribute 'primary_sweep_values'
-1.625554318045238,0.5986176193086333,-1.3695546972207728,0.9660330044300753,,0.0,,,,FAIL,'bool' object has no attribute 'primary_sweep_values'
-1.3900028293818036,0.9149152422069646,-1.2427682326447025,1.1289222511122583,,0.0,,,,FAIL,'bool' object has no attribute 'primary_sweep_values'
-0.6422595600299579,1.0480859426069253,-1.4090669188403249,1.559075867970837,,0.0,,,,FAIL,'bool' object has no attribute 'primary_sweep_values'
-1.4463005810343594,1.6183121280473454,-1.6030261021094578,1.1521271837143667,,0.0,,,,FAIL,'bool' object has no attribute 'primary_sweep_values'
-1.0022274070725024,1.3190837929892543,-1.081716655470391,0.8638546391788224,,0.0,,,,FAIL,'bool' object has no attribute 'primary_sweep_values'
-1.058438832389288,1.8041730547923431,-1.3453214767987383,1.2225700377756286,,0.0,,,,FAIL,'bool' object has no attribute 'primary_sweep_values'
-0.7426639533029175,0.8903857691612662,-1.0132783219633474,1.1301060727768397,,0.0,,,,FAIL,'bool' object has no attribute 'primary_sweep_values'
-1.1897748066847318,0.6514862579854083,-1.0842177765923662,1.542087095462656,,0.0,,,,FAIL,'bool' object has no attribute 'primary_sweep_values'
-1.596497536779808,1.5865606826744036,-1.3770125138951173,0.7174581151755842,,0.0,,,,FAIL,'bool' object has no attribute 'primary_sweep_values'
-0.5788550752125068,0.6032926492191074,-1.0961775915558583,0.9806912528869197,,0.0,,,,FAIL,'bool' object has no attribute 'primary_sweep_values'
-1.3143365709753687,0.7331906508991801,-1.7659433785639291,1.1604777402162751,,0.0,,,,FAIL,'bool' object has no attribute 'primary_sweep_values'
-0.938784934552539,0.6747389367089913,-1.0662602903371905,1.579390885715427,,0.0,,,,FAIL,'bool' object has no attribute 'primary_sweep_values'
-1.561982497516203,1.0820184153399417,-1.2109885759271468,1.3215830572257135,,0.0,,,,FAIL,'bool' object has no attribute 'primary_sweep_values'
-1.0280197412577712,0.5076644464937053,-1.2115625875312497,1.7195901122631532,,0.0,,,,FAIL,'bool' object has no attribute 'primary_sweep_values'
-1.64479038174864,0.9449639715155401,-1.6708409881026027,0.7565304170917785,,0.0,,,,FAIL,'bool' object has no attribute 'primary_sweep_values'
-0.6919602084754459,0.6694052573802307,-1.3700155097977944,0.7065206213043318,,0.0,,,,FAIL,'bool' object has no attribute 'primary_sweep_values'
-1.0448165970033667,0.9224826182617631,-1.3022065038426156,1.0129264496578465,,0.0,,,,FAIL,'bool' object has no attribute 'primary_sweep_values'
-1.662596866798078,0.5428474639309097,-1.449812760161049,1.1078521959853602,,0.0,,,,FAIL,'bool' object has no attribute 'primary_sweep_values'
-0.6628954160587557,0.8562159604212043,-1.2029615850890876,1.1861895489723475,,0.0,,,,FAIL,'bool' object has no attribute 'primary_sweep_values'
-0.9394464747205902,1.5779758524983214,-1.6103309653820967,1.729246717946904,,0.0,,,,FAIL,'bool' object has no attribute 'primary_sweep_values'
-1.4362870872796936,1.223323797995942,-1.0940169685369496,1.6063135026547588,,0.0,,,,FAIL,'bool' object has no attribute 'primary_sweep_values'
-1.3699131190085327,1.3625642814549028,-1.3834091687145054,0.7653065749291013,,0.0,,,,FAIL,'bool' object has no attribute 'primary_sweep_values'
-1.2425076991283341,1.2429478248891397,-1.0401431863006771,0.8377639939211359,,0.0,,,,FAIL,'bool' object has no attribute 'primary_sweep_values'
-1.010544350740398,1.218044278817806,-1.2447132638594265,1.0810825863948244,,0.0,,,,FAIL,'bool' object has no attribute 'primary_sweep_values'
-0.6174787527287071,0.7030645679140851,-1.2844685823588207,0.5445291732234812,,0.0,,,,FAIL,'bool' object has no attribute 'primary_sweep_values'
-1.6601730377386619,1.699806877979178,-1.7834857122582812,0.7689677017622114,,0.0,,,,FAIL,'bool' object has no attribute 'primary_sweep_values'
-0.9792925875363133,0.6466650638971789,-1.6507472502080378,1.0162742121629325,,0.0,,,,FAIL,'bool' object has no attribute 'primary_sweep_values'
-1.1224073094880151,0.7524837383027168,-1.672663255738879,1.409850137622021,,0.0,,,,FAIL,'bool' object has no attribute 'primary_sweep_values'
-1.4339930115755777,1.4495160230480564,-1.6983334183559964,0.7412131073951691,,0.0,,,,FAIL,'bool' object has no attribute 'primary_sweep_values'
-0.6655564146946056,1.1745982547733056,-1.4004491210054675,0.6302825508266411,,0.0,,,,FAIL,'bool' object has no attribute 'primary_sweep_values'
-1.2305702869407542,0.9688152284084576,-1.722214467398949,0.7029987009332321,,0.0,,,,FAIL,'bool' object has no attribute 'primary_sweep_values'
-1.6178449267047514,0.549684331667705,-1.220508045327224,0.5894009863261682,,0.0,,,,FAIL,'bool' object has no attribute 'primary_sweep_values'
-1.011502667605031,1.0884281147829626,-1.5150729938638017,0.5670991828992532,,0.0,,,,FAIL,'bool' object has no attribute 'primary_sweep_values'
-0.9457912051842515,0.5871212128660815,-1.7123744146285822,0.607955451177541,,0.0,,,,FAIL,'bool' object has no attribute 'primary_sweep_values'
-0.5993341516802351,1.290450528450076,-1.4378457994086495,1.0358638569229812,,0.0,,,,FAIL,'bool' object has no attribute 'primary_sweep_values'
-1.614671501983785,1.6790980894029548,-1.511043603408365,1.2008235029387246,,0.0,,,,FAIL,'bool' object has no attribute 'primary_sweep_values'
-0.8998492003998578,1.0789154635807736,-1.1310236320630915,1.7518954189170526,,0.0,,,,FAIL,'bool' object has no attribute 'primary_sweep_values'
-1.2615737101673603,1.690839272705435,-1.1077289752369723,0.6833518102495534,,0.0,,,,FAIL,'bool' object has no attribute 'primary_sweep_values'
-1.580658152876683,1.0196301810294353,-1.062309622532546,1.6181982586488195,,0.0,,,,FAIL,'bool' object has no attribute 'primary_sweep_values'
-1.6842393492912335,1.3060382899025123,-1.212839526413296,0.5650703122310307,,0.0,,,,FAIL,'bool' object has no attribute 'primary_sweep_values'
-1.4533797866307565,1.0718499162058213,-1.4747196127136624,0.6675151061833716,,0.0,,,,FAIL,'bool' object has no attribute 'primary_sweep_values'
-1.277639799017617,1.8146479964097075,-1.0415032162392872,0.5341217801991875,,0.0,,,,FAIL,'bool' object has no attribute 'primary_sweep_values'
-1.365393746269038,1.6161910631649947,-1.7368214400683863,1.1337979211549325,,0.0,,,,FAIL,'bool' object has no attribute 'primary_sweep_values'
-0.5467650006754747,0.9820629235737496,-1.725338248088344,1.3600438019751788,,0.0,,,,FAIL,'bool' object has no attribute 'primary_sweep_values'
-1.6015700722929411,1.7983023783128713,-1.1199343492782077,0.8483165245359385,,0.0,,,,FAIL,'bool' object has no attribute 'primary_sweep_values'
-0.819689531464855,1.063431216165725,-1.8065210351198246,1.5746935980870582,,0.0,,,,FAIL,'bool' object has no attribute 'primary_sweep_values'
-1.6459514478390895,0.7367668536680113,-1.3943445605404932,1.0429477529556328,,0.0,,,,FAIL,'bool' object has no attribute 'primary_sweep_values'
-1.0390208925671347,1.1899712941434384,-1.7761419522462423,0.7425867141792262,,0.0,,,,FAIL,'bool' object has no attribute 'primary_sweep_values'
-1.3085742272885854,1.2203867854532628,-1.7643695218867377,0.6759278139551952,,0.0,,,,FAIL,'bool' object has no attribute 'primary_sweep_values'
-0.929864824587979,1.7524106365227878,-1.3282187669112957,0.9874673884357072,,0.0,,,,FAIL,'bool' object has no attribute 'primary_sweep_values'
-0.9718519826239026,1.4812202603633984,-1.1488557181580337,0.5265571241242233,,0.0,,,,FAIL,'bool' object has no attribute 'primary_sweep_values'
-1.4271618041642977,1.2578575783338803,-1.6568380740964421,0.7928864082388998,,0.0,,,,FAIL,'bool' object has no attribute 'primary_sweep_values'
-1.1308415020247164,1.2815879099671648,-1.4654302369647991,0.5571799989115134,,0.0,,,,FAIL,'bool' object has no attribute 'primary_sweep_values'
-0.7472922808891016,1.553299850504793,-1.6487770855243224,1.8091640314588615,,0.0,,,,FAIL,'bool' object has no attribute 'primary_sweep_values'
-0.6507717397716275,0.5511254884437763,-1.320100222899391,1.1011894290667736,,0.0,,,,FAIL,'bool' object has no attribute 'primary_sweep_values'
-0.5211210992170414,1.4404902456815023,-1.7325192845203434,1.1401115383746705,,0.0,,,,FAIL,'bool' object has no attribute 'primary_sweep_values'
-1.6643384411346613,1.0269710732859152,-1.2347209365853224,0.6727197452629192,,0.0,,,,FAIL,'bool' object has no attribute 'primary_sweep_values'
-1.3594098014140594,1.141198367240972,-1.4934580449634614,1.0691313722761153,,0.0,,,,FAIL,'bool' object has no attribute 'primary_sweep_values'
-1.233890846221944,1.3243734752018623,-1.4221371914393306,1.6885143839622967,,0.0,,,,FAIL,'bool' object has no attribute 'primary_sweep_values'
-1.6124724778683803,0.8260151338033088,-1.2238490909244932,1.6593457704792163,,0.0,,,,FAIL,'bool' object has no attribute 'primary_sweep_values'
-1.4654396122290492,0.6384508665561003,-1.8109330271313622,1.1102759094905004,,0.0,,,,FAIL,'bool' object has no attribute 'primary_sweep_values'
-0.6202919222388539,0.7904569656964924,-1.7913430806695674,1.0647675092516515,,0.0,,,,FAIL,'bool' object has no attribute 'primary_sweep_values'
-0.5926902735319104,0.747244232233624,-1.738583146187678,1.2578657514283098,,0.0,,,,FAIL,'bool' object has no attribute 'primary_sweep_values'
-1.3723591532315613,0.9611962108889176,-1.1104311774995903,1.7629097387918855,,0.0,,,,FAIL,'bool' object has no attribute 'primary_sweep_values'
